,id,name,latitude,longitude,capacity,num_bikes_available,num_bikes_disabled
0,435,W 21 St & 6 Ave,40.74173969,-73.99415556,47,22,2
1,3321,Clinton St & Union St,40.6831164,-73.99785267,25,0,0
2,368,Carmine St & 6 Ave,40.73038599,-74.00214988,39,14,0
3,3112,Milton St & Franklin St,40.72906,-73.95779,33,20,0
4,492,W 33 St & 7 Ave,40.75019995,-73.99093085,61,3,1
5,3150,E 85 St & York Ave,40.77536905,-73.94803392,47,4,0
6,440,E 45 St & 3 Ave,40.75255434,-73.97282625,32,6,0
7,3286,E 89 St & 3 Ave,40.7806284,-73.9521667,39,1,0
8,3338,2 Ave & E 99 St,40.7862586,-73.94552579,31,5,0
9,3395,Henry St & W 9 St,40.6763744,-74.00324957,19,3,1
10,3092,Berry St & N 8 St,40.7190095,-73.95852515,27,15,0
11,3172,W 74 St & Columbus Ave,40.7785669,-73.97754961,27,0,0
12,3332,Degraw St & Hoyt St,40.68199044,-73.99079025,19,4,0
13,243,Fulton St & Rockwell Pl,40.688226,-73.979382,31,20,1
14,3086,Graham Ave & Conselyea St,40.715143,-73.944507,25,9,1
15,3431,E 35 St & 3 Ave,40.746524,-73.977885,26,4,0
16,316,Fulton St & William St,40.70955958,-74.00653609,43,0,0
17,3367,5 Ave & E 103 St,40.7922553,-73.95249933,39,26,1
18,3115,India St & Manhattan Ave,40.73232194,-73.9550858,34,0,0
19,484,W 44 St & 5 Ave,40.75500254,-73.98014437,44,35,2
20,3402,Court St & State St,40.6902375,-73.99203074,23,10,3
21,3085,Roebling St & N 4 St,40.71469,-73.95739,25,4,0
22,3162,W 78 St & Broadway,40.78339981,-73.98093133,39,1,1
23,2006,Central Park S & 6 Ave,40.76590936,-73.97634151,49,37,2
24,539,Metropolitan Ave & Bedford Ave,40.71534825,-73.96024116,31,13,0
25,351,Front St & Maiden Ln,40.70530954,-74.00612572,39,32,0
26,420,Clermont Ave & Lafayette Ave,40.68764484,-73.96968902,23,5,0
27,3313,6 Ave & 12 St,40.6663181,-73.9854617,29,3,1
28,3315,Henry St & Degraw St,40.6847514,-73.99917254,23,0,0
29,3065,Union Ave & Wallabout St,40.70029511,-73.95032283,27,1,0
30,306,Cliff St & Fulton St,40.70823502,-74.00530063,17,13,1
31,3096,Union Ave & N 12 St,40.71924,-73.95242,39,1,3
32,3311,Columbia St & Kane St,40.68763155,-74.0016256,21,5,0
33,3304,6 Ave & 9 St,40.668127,-73.98377641,27,2,0
34,337,Old Slip & Front St,40.7037992,-74.00838676,37,35,0
35,3016,Kent Ave & N 7 St,40.72036775,-73.96165073,47,24,0
36,529,W 42 St & 8 Ave,40.7575699,-73.99098507,41,7,1
37,365,Fulton St & Grand Ave,40.68223166,-73.9614583,31,6,0
38,386,Centre St & Worth St,40.71494807,-74.00234482,43,21,0
39,3373,3 St & 3 Ave,40.6750705,-73.98775226,27,25,2
40,245,Myrtle Ave & St Edwards St,40.69327018,-73.97703874,23,4,0
41,3308,Kane St & Clinton St,40.6861758,-73.99645295,27,1,2
42,3241,Monroe St & Tompkins Ave,40.686203,-73.944694,19,1,0
43,3151,E 81 St & York Ave,40.7728384,-73.94989233,43,6,1
44,3152,3 Ave & E 71 St,40.76873687,-73.96119945,42,0,0
45,173,Broadway & W 49 St,40.76068327,-73.98452729,51,35,1
46,515,W 43 St & 10 Ave,40.76009437,-73.99461843,35,0,1
47,472,E 32 St & Park Ave,40.7457121,-73.98194829,41,4,4
48,491,E 24 St & Park Ave S,40.74096374,-73.98602213,53,43,2
49,403,E 2 St & 2 Ave,40.72502876,-73.99069656,31,10,0
50,3335,Union St & 4 Ave,40.6772744,-73.98282002,28,15,0
51,237,E 11 St & 2 Ave,40.73047309,-73.98672378,39,1,0
52,236,St Marks Pl & 2 Ave,40.7284186,-73.98713956,39,1,0
53,275,Washington Ave & Greene Ave,40.68650065,-73.96563307,19,14,0
54,3161,W 76 St & Columbus Ave,40.78018397,-73.97728533,59,3,1
55,3101,N 12 St & Bedford Ave,40.72079821,-73.95484712,27,6,0
56,403,E 2 St & 2 Ave,40.72502876,-73.99069656,31,10,0
57,2003,1 Ave & E 18 St,40.73381219,-73.98054421,39,1,1
58,3258,W 27 St & 10 Ave,40.75018156,-74.00218427,37,17,1
59,421,Clermont Ave & Park Ave,40.69573398,-73.97129668,19,7,1
60,355,Bayard St & Baxter St,40.71602118,-73.99974372,43,12,0
61,532,S 5 Pl & S 4 St,40.710451,-73.960876,43,9,1
62,3058,Lewis Ave & Kosciuszko St,40.69237074,-73.93705428,24,4,0
63,443,Bedford Ave & S 9 St,40.70853074,-73.96408963,23,3,0
64,3094,Graham Ave & Withers St,40.7169811,-73.94485918,18,1,0
65,455,1 Ave & E 44 St,40.75001986,-73.96905301,39,35,1
66,3080,S 4 St & Rodney St,40.70934,-73.95608,21,10,0
67,285,Broadway & E 14 St,40.73454567,-73.99074142,51,4,0
68,3155,Lexington Ave & E 63 St,40.76440023,-73.96648977,39,12,0
69,3342,Pioneer St & Richards St,40.6777748,-74.0094613,23,15,0
70,3350,W 100 St & Broadway,40.7973721,-73.97041192,39,3,0
71,3415,Prospect Pl & 6 Ave,40.6793307,-73.97519523,25,6,0
72,504,1 Ave & E 16 St,40.73221853,-73.98165557,45,1,5
73,505,6 Ave & W 33 St,40.74901271,-73.98848395,36,1,0
74,3224,W 13 St & Hudson St,40.73997354,-74.00513873,39,19,2
75,467,Dean St & 4 Ave,40.68312489,-73.97895137,34,15,2
76,3306,10 St & 7 Ave,40.6662078,-73.98199886,23,2,0
77,334,W 20 St & 7 Ave,40.74238787,-73.99726235,31,3,2
78,2005,Railroad Ave & Kay Ave,40.70531194,-73.97100056,12,6,1
79,394,E 9 St & Avenue C,40.72521311,-73.97768752,32,0,0
80,514,12 Ave & W 40 St,40.76087502,-74.00277668,52,37,2
81,3314,W 95 St & Broadway,40.7937704,-73.971888,32,2,0
82,2009,Catherine St & Monroe St,40.71117444,-73.99682619,35,15,3
83,460,S 4 St & Wythe Ave,40.71285887,-73.96590294,23,2,0
84,3305,E 91 St & 2 Ave,40.7811223,-73.94965589,39,25,0
85,499,Broadway & W 60 St,40.76915505,-73.98191841,36,15,2
86,321,Cadman Plaza E & Red Cross Pl,40.69991755,-73.98971773,27,23,0
87,3108,Nassau Ave & Russell St,40.72557,-73.94434,24,0,0
88,438,St Marks Pl & 1 Ave,40.72779126,-73.98564945,41,1,0
89,289,Monroe St & Classon Ave,40.6845683,-73.95881081,19,13,0
90,406,Hicks St & Montague St,40.69512845,-73.99595065,34,1,0
91,396,Lefferts Pl & Franklin Ave,40.68034242,-73.95576894,25,2,0
92,195,Liberty St & Broadway,40.70905623,-74.01043382,45,21,1
93,3255,8 Ave & W 31 St,40.75058535,-73.99468482,19,8,1
94,540,Lexington Ave & E 29 St,40.74311555,-73.98215353,30,5,2
95,3427,Lafayette St & Jersey St,40.72430527,-73.99600983,40,32,0
96,448,W 37 St & 10 Ave,40.75660359,-73.9979009,31,0,0
97,3359,E 68 St & Madison Ave,40.7691572,-73.96703464,35,7,0
98,239,Willoughby St & Fleet St,40.69196566,-73.9813018,31,23,0
99,3142,1 Ave & E 62 St,40.7612274,-73.96094022,41,2,0
100,266,Avenue D & E 8 St,40.72368361,-73.97574813,24,0,1
101,3090,N 8 St & Driggs Ave,40.71774592,-73.95600096,31,31,0
102,3100,Nassau Ave & Newell St,40.72481256,-73.94752622,39,1,0
103,357,E 11 St & Broadway,40.73261787,-73.99158043,27,12,2
104,3298,Warren St & Court St,40.686371,-73.99383324,23,3,1
105,3159,W 67 St & Broadway,40.77492513,-73.98266566,31,3,0
106,3413,Wyckoff St & 3 Ave,40.6827549,-73.98258555,22,3,1
107,2022,E 60 St & York Ave,40.759107,-73.959223,33,11,0
108,253,W 13 St & 5 Ave,40.73543934,-73.99453948,55,12,1
109,260,Broad St & Bridge St,40.70365182,-74.01167797,35,20,3
110,398,Atlantic Ave & Furman St,40.69165183,-73.9999786,31,13,1
111,3400,E 110 St & Madison Ave,40.7961535,-73.94782145,24,15,1
112,3382,Carroll St & Smith St,40.680611,-73.99475825,31,3,0
113,3231,E 67 St & Park Ave,40.7678008,-73.96592081,39,4,0
114,3437,Riverside Dr & W 91 St,40.79313481,-73.97700369,39,1,0
115,3055,Greene Ave & Nostrand Ave,40.6883337,-73.950916,23,5,0
116,3043,Lewis Ave & Decatur St,40.6814598,-73.934903,19,2,0
117,82,St James Pl & Pearl St,40.71117416,-74.00016545,27,12,1
118,262,Washington Park,40.6917823,-73.9737299,24,8,0
119,483,E 12 St & 3 Ave,40.73223272,-73.98889957,35,2,0
120,3128,21 St & 43 Ave,40.75052534,-73.94594845,23,12,1
121,3421,Hoyt St & Warren St,40.6843549,-73.98901629,23,4,0
122,531,Forsyth St & Broome St,40.71893904,-73.99266288,39,7,3
123,3226,W 82 St & Central Park West,40.78275,-73.97137,45,1,0
124,3167,Amsterdam Ave & W 73 St,40.77966809,-73.98093045,55,0,1
125,3078,Broadway & Roebling St,40.70924826,-73.96063149,27,4,0
126,3357,W 106 St & Amsterdam Ave,40.8008363,-73.96644925,35,9,0
127,3410,Dean St & Hoyt St,40.6864442,-73.98759104,31,12,2
128,356,Bialystoker Pl & Delancey St,40.71622644,-73.98261206,23,13,1
129,3323,W 106 St & Central Park West,40.7981856,-73.9605909,59,5,0
130,526,E 33 St & 5 Ave,40.74765947,-73.98490707,39,23,0
131,437,Macon St & Nostrand Ave,40.68098339,-73.95004798,24,21,2
132,3336,E 97 St & Madison Ave,40.787801,-73.953559,41,10,3
133,432,E 7 St & Avenue A,40.72621788,-73.98379855,29,2,1
134,422,W 59 St & 10 Ave,40.770513,-73.988038,55,0,0
135,450,W 49 St & 8 Ave,40.76227205,-73.98788205,59,4,1
136,3316,W 104 St & Amsterdam Ave,40.7989937,-73.96621738,47,19,0
137,3016,Kent Ave & N 7 St,40.72036775,-73.96165073,47,24,0
138,3176,W 64 St & West End Ave,40.77452835,-73.98753759,43,14,0
139,331,Pike St & Monroe St,40.71173107,-73.99193043,27,1,0
140,364,Lafayette Ave & Classon Ave,40.68900443,-73.96023854,27,9,2
141,342,Columbia St & Rivington St,40.71739973,-73.98016555,29,0,2
142,476,E 31 St & 3 Ave,40.74394314,-73.97966069,47,2,0
143,3366,West End Ave & W 107 St,40.8021174,-73.96818053,31,14,1
144,354,Emerson Pl & Myrtle Ave,40.69363137,-73.96223558,23,17,0
145,517,Pershing Square South,40.751581,-73.97791,59,25,4
146,313,Washington Ave & Park Ave,40.69610226,-73.96751037,23,8,1
147,3293,W 92 St & Broadway,40.7921,-73.9739,24,1,0
148,3292,5 Ave & E 93 St,40.7857851,-73.957481,43,4,0
149,3420,Douglass St & 3 Ave,40.6802133,-73.98432695,21,13,1
150,465,Broadway & W 41 St,40.75513557,-73.98658032,39,4,1
151,3180,Brooklyn Bridge Park - Pier 2,40.69878,-73.99712,31,11,0
152,3042,Fulton St & Utica Ave,40.6794268,-73.9298911,19,3,1
153,3339,Berkeley Pl & 6 Ave,40.6765304,-73.97846879,23,6,1
154,3419,Douglass St & 4 Ave,40.6792788,-73.98154004,27,11,1
155,397,Fulton St & Clermont Ave,40.68415748,-73.96922273,27,3,0
156,442,W 27 St & 7 Ave,40.746647,-73.993915,51,11,2
157,3170,W 84 St & Columbus Ave,40.78499979,-73.97283406,35,1,0
158,3057,Kosciuszko St & Tompkins Ave,40.69128258,-73.9452416,18,2,0
159,2003,1 Ave & E 18 St,40.73381219,-73.98054421,39,1,1
160,3103,N 11 St & Wythe Ave,40.72153267,-73.95782357,27,2,0
161,151,Cleveland Pl & Spring St,40.72210379,-73.99724901,33,9,0
162,3429,Hanson Pl & Ashland Pl,40.68506807,-73.9779076,39,12,5
163,3297,6 St & 7 Ave,40.6686627,-73.97988067,21,16,1
164,146,Hudson St & Reade St,40.71625008,-74.0091059,39,17,2
165,3221,47 Ave & 31 St,40.743,-73.93561,27,10,2
166,3102,Driggs Ave & Lorimer St,40.72179134,-73.9504154,27,1,0
167,3072,Leonard St & Boerum St,40.70583339,-73.94644578,24,0,0
168,3168,Central Park West & W 85 St,40.78472675,-73.96961715,31,2,0
169,296,Division St & Bowery,40.71413089,-73.9970468,35,17,1
170,396,Lefferts Pl & Franklin Ave,40.68034242,-73.95576894,25,2,0
171,308,St James Pl & Oliver St,40.71307916,-73.99851193,27,2,3
172,3390,E 109 St & 3 Ave,40.79329668,-73.9432083,24,20,0
173,415,Pearl St & Hanover Square,40.7047177,-74.00926027,42,14,2
174,3106,Driggs Ave & N Henry St,40.72325,-73.94308,19,1,0
175,457,Broadway & W 58 St,40.76695317,-73.98169333,39,11,0
176,459,W 20 St & 11 Ave,40.746745,-74.007756,49,41,1
177,3157,East End Ave & E 86 St,40.77518615,-73.94446054,27,14,0
178,3320,Central Park West & W 100 St,40.793393,-73.9635556,49,31,1
179,503,E 20 St & Park Ave,40.73827428,-73.98751968,29,22,1
180,358,Christopher St & Greenwich St,40.73291553,-74.00711384,36,1,0
181,2000,Front St & Washington St,40.70255088,-73.98940236,30,22,4
182,228,E 48 St & 3 Ave,40.7546011,-73.97187886,55,21,1
183,496,E 16 St & 5 Ave,40.73726186,-73.99238967,47,42,1
184,279,Peck Slip & Front St,40.707873,-74.00167,36,10,1
185,243,Fulton St & Rockwell Pl,40.688226,-73.979382,31,20,1
186,3233,E 48 St & 5 Ave,40.75724568,-73.97805914,39,34,0
187,3223,E 55 St & 3 Ave,40.75899656,-73.96865398,54,35,0
188,3077,Stagg St & Union Ave,40.70877084,-73.95095259,33,1,0
189,447,8 Ave & W 52 St,40.76370739,-73.9851615,23,1,0
190,314,Cadman Plaza West & Montague St,40.69383,-73.990539,39,19,2
191,262,Washington Park,40.6917823,-73.9737299,24,8,0
192,427,Bus Slip & State St,40.701907,-74.013942,47,17,1
193,486,Broadway & W 29 St,40.7462009,-73.98855723,39,19,2
194,3389,Carroll St & Columbia St,40.6830456,-74.00348559,28,1,1
195,3067,Broadway & Whipple St,40.7016657,-73.9437303,27,11,0
196,3139,E 72 St & Park Ave,40.77118288,-73.96409422,43,5,0
197,3365,3 St & 7 Ave,40.6703837,-73.97839676,27,3,0
198,302,Avenue D & E 3 St,40.72082834,-73.97793172,23,1,2
199,502,Henry St & Grand St,40.714215,-73.981346,30,2,3
200,409,DeKalb Ave & Skillman St,40.6906495,-73.95643107,19,4,0
201,340,Madison St & Clinton St,40.71269042,-73.98776323,27,0,1
202,382,University Pl & E 14 St,40.73492695,-73.99200509,36,31,1
203,3060,Willoughby Ave & Tompkins Ave,40.69425403,-73.94626915,19,1,0
204,3343,W 107 St & Columbus Ave,40.7997568,-73.96211287,23,2,0
205,507,E 25 St & 2 Ave,40.73912601,-73.97973776,45,1,3
206,3372,E 74 St & 1 Ave,40.7689738,-73.95482273,39,26,1
207,346,Bank St & Hudson St,40.73652889,-74.00618026,27,2,0
208,410,Suffolk St & Stanton St,40.72066442,-73.98517977,35,5,4
209,157,Henry St & Atlantic Ave,40.69089272,-73.99612349,23,5,3
210,307,Canal St & Rutgers St,40.71427487,-73.98990025,31,5,1
211,3381,3 St & Hoyt St,40.6777287,-73.99364123,21,7,0
212,2008,Little West St & 1 Pl,40.70569254,-74.01677685,24,5,2
213,3146,E 81 St & 3 Ave,40.77573034,-73.9567526,47,7,0
214,405,Washington St & Gansevoort St,40.739323,-74.008119,40,5,0
215,385,E 55 St & 2 Ave,40.75797322,-73.96603308,29,2,1
216,3062,Myrtle Ave & Marcy Ave,40.69539817,-73.94954908,23,11,0
217,3016,Kent Ave & N 7 St,40.72036775,-73.96165073,47,24,0
218,336,Sullivan St & Washington Sq,40.73047747,-73.99906065,36,32,0
219,3130,21 St & Queens Plaza North,40.75325964,-73.94335788,31,7,0
220,3122,48 Ave & 5 St,40.74436329,-73.95587325,31,9,0
221,3107,Bedford Ave & Nassau Ave,40.72311651,-73.95212324,39,14,2
222,3294,E 91 St & Park Ave,40.7835016,-73.955327,38,4,0
223,3256,Pier 40 - Hudson River Park,40.72771408,-74.01129574,22,18,1
224,3255,8 Ave & W 31 St,40.75058535,-73.99468482,19,8,1
225,3340,Wolcott St & Dwight St,40.6753274,-74.0100698,21,11,0
226,3231,E 67 St & Park Ave,40.7678008,-73.96592081,39,4,0
227,3255,8 Ave & W 31 St,40.75058535,-73.99468482,19,8,1
228,500,Broadway & W 51 St,40.76228826,-73.98336183,52,36,0
229,3356,Amsterdam Ave & W 66 St,40.7746671,-73.98470567,21,0,0
230,325,E 19 St & 3 Ave,40.73624527,-73.98473765,35,6,2
231,530,11 Ave & W 59 St,40.771522,-73.990541,24,15,1
232,3121,Jackson Ave & 46 Rd,40.74524768,-73.94733276,27,14,1
233,426,West St & Chambers St,40.71754834,-74.01322069,30,21,3
234,498,Broadway & W 32 St,40.74854862,-73.98808416,30,2,0
235,350,Clinton St & Grand St,40.71559509,-73.9870295,28,3,1
236,545,E 23 St & 1 Ave,40.736502,-73.97809472,27,9,1
237,3173,Riverside Blvd & W 67 St,40.77750703,-73.98888588,39,1,0
238,3383,Cathedral Pkwy & Broadway,40.804213,-73.96699104,25,13,0
239,494,W 26 St & 8 Ave,40.74734825,-73.99723551,35,3,1
240,414,Pearl St & Anchorage Pl,40.70281858,-73.98765762,24,18,2
241,303,Mercer St & Spring St,40.72362738,-73.99949601,31,17,0
242,3110,Meserole Ave & Manhattan Ave,40.72708584,-73.95299117,27,0,0
243,3127,9 St & 44 Rd,40.74966,-73.9521,35,31,0
244,3325,E 95 St & 3 Ave,40.7849032,-73.950503,31,9,0
245,3244,University Pl & E 8 St,40.73143724,-73.99490342,31,22,5
246,347,Greenwich St & W Houston St,40.728846,-74.008591,35,21,0
247,295,Pike St & E Broadway,40.71406667,-73.99293911,24,12,1
248,525,W 34 St & 11 Ave,40.75594159,-74.0021163,39,29,0
249,3358,Garfield Pl & 8 Ave,40.6711978,-73.97484126,25,2,0
250,478,11 Ave & W 41 St,40.76030096,-73.99884222,31,4,0
251,344,Monroe St & Bedford Ave,40.6851443,-73.95380904,23,6,0
252,322,Clinton St & Tillary St,40.696192,-73.991218,31,8,3
253,437,Macon St & Nostrand Ave,40.68098339,-73.95004798,24,21,2
254,319,Fulton St & Broadway,40.711066,-74.009447,33,19,1
255,3300,Prospect Park West & 8 St,40.66514682,-73.97637606,25,0,1
256,513,W 56 St & 10 Ave,40.768254,-73.988639,27,4,1
257,3408,Congress St & Clinton St,40.6881529,-73.99520919,27,0,0
258,3160,Central Park West & W 76 St,40.77896784,-73.97374737,39,11,1
259,3328,W 100 St & Manhattan Ave,40.795,-73.9645,39,5,0
260,3175,W 70 St & Amsterdam Ave,40.77748046,-73.98288594,31,1,0
261,228,E 48 St & 3 Ave,40.7546011,-73.97187886,55,21,1
262,3069,Lorimer St & Broadway,40.70411791,-73.94818595,25,4,0
263,310,State St & Smith St,40.68926942,-73.98912867,36,23,0
264,349,Rivington St & Ridge St,40.71850211,-73.98329859,23,0,1
265,3326,Clinton St & Centre St,40.67434,-74.00194698,21,9,0
266,282,Kent Ave & S 11 St,40.70764494,-73.96841526,27,11,1
267,419,Carlton Ave & Park Ave,40.69580705,-73.97355569,23,1,0
268,143,Clinton St & Joralemon St,40.69239502,-73.99337909,24,13,3
269,229,Great Jones St,40.72743423,-73.99379025,23,23,0
270,3363,E 102 St & Park Ave,40.7904828,-73.95033068,33,30,0
271,301,E 2 St & Avenue B,40.72217444,-73.98368779,37,0,0
272,3143,5 Ave & E 78 St,40.77632142,-73.96427393,47,19,1
273,247,Perry St & Bleecker St,40.73535398,-74.00483091,20,1,1
274,2021,W 45 St & 8 Ave,40.75929124,-73.98859651,43,2,2
275,469,Broadway & W 53 St,40.76344058,-73.98268129,57,10,0
276,449,W 52 St & 9 Ave,40.76461837,-73.98789473,31,4,1
277,3283,W 89 St & Columbus Ave,40.7882213,-73.97041561,47,0,0
278,3397,Court St & Nelson St,40.6763947,-73.99869893,25,1,0
279,3354,3 St & Prospect Park West,40.668132,-73.97363831,31,3,0
280,509,9 Ave & W 22 St,40.7454973,-74.00197139,36,7,0
281,3393,Richards St & Delavan St,40.6794327,-74.00785041,19,4,0
282,281,Grand Army Plaza & Central Park S,40.7643971,-73.97371465,57,52,4
283,466,W 25 St & 6 Ave,40.74395411,-73.99144871,35,23,6
284,390,Duffield St & Willoughby St,40.69221589,-73.9842844,31,29,0
285,3249,Verona Pl & Fulton St,40.68035608,-73.9476791,19,9,0
286,254,W 11 St & 6 Ave,40.73532427,-73.99800419,31,2,0
287,3319,14 St & 5 Ave,40.666287,-73.98895053,21,7,0
288,3120,Center Blvd & Borden Ave,40.74161,-73.96044,20,7,0
289,3424,E 106 St & Lexington Ave,40.791976,-73.945993,27,24,1
290,3362,Madison Ave & E 82 St,40.7781314,-73.96069399,34,2,0
291,3082,Hope St & Union Ave,40.71167351,-73.95141312,25,0,0
292,3405,5 St & 6 Ave,40.6704836,-73.98208968,23,3,0
293,477,W 41 St & 8 Ave,40.75640548,-73.9900262,59,17,0
294,3044,Albany Ave & Fulton St,40.6800105,-73.938475,27,1,0
295,3466,W 45 St & 6 Ave,40.75668721,-73.98257732,34,24,1
296,508,W 46 St & 11 Ave,40.76341379,-73.99667444,24,21,0
297,3113,Greenpoint Ave & Manhattan Ave,40.73026,-73.95394,27,5,0
298,3074,Montrose Ave & Bushwick Ave,40.70767788,-73.94016171,31,4,0
299,3165,Central Park West & W 72 St,40.77579377,-73.97620574,51,24,3
300,3002,South End Ave & Liberty St,40.711512,-74.015756,25,18,1
301,3235,E 41 St & Madison Ave,40.75216528,-73.97992194,31,8,0
302,480,W 53 St & 10 Ave,40.76669671,-73.99061728,27,2,0
303,433,E 13 St & Avenue A,40.72955361,-73.98057249,39,1,1
304,366,Clinton Ave & Myrtle Ave,40.693261,-73.968896,33,8,1
305,416,Cumberland St & Lafayette Ave,40.68753406,-73.97265183,31,3,0
306,3284,E 88 St & Park Ave,40.7814107,-73.95595908,38,3,0
307,3364,Carroll St & 5 Ave,40.6751622,-73.9814832,27,0,0
308,3430,Richardson St & N Henry St,40.71907891,-73.9422369,19,0,0
309,223,W 13 St & 7 Ave,40.73781509,-73.99994661,33,10,0
310,305,E 58 St & 3 Ave,40.76095756,-73.96724467,33,25,2
311,392,Jay St & Tech Pl,40.695065,-73.987167,35,30,0
312,401,Allen St & Rivington St,40.72019576,-73.98997825,42,4,0
313,3136,5 Ave & E 63 St,40.766368,-73.971518,47,38,1
314,362,Broadway & W 37 St,40.75172632,-73.98753523,57,14,0
315,3169,Riverside Dr & W 82 St,40.78720869,-73.98128127,39,0,0
316,445,E 10 St & Avenue A,40.72740794,-73.98142006,54,2,1
317,3156,E 72 St & York Ave,40.76663814,-73.95348296,39,13,3
318,402,Broadway & E 22 St,40.7403432,-73.98955109,39,8,1
319,439,E 4 St & 2 Ave,40.7262807,-73.98978041,39,2,2
320,3093,N 6 St & Bedford Ave,40.71745169,-73.95850939,28,25,1
321,3301,Columbus Ave & W 95 St,40.7919557,-73.968087,39,0,2
322,3317,10 St & 5 Ave,40.6686273,-73.98700053,24,5,0
323,309,Murray St & West St,40.7149787,-74.013012,41,19,3
324,3309,E 97 St & 3 Ave,40.7859201,-73.94860294,30,15,0
325,291,Madison St & Montgomery St,40.713126,-73.984844,20,2,0
326,3344,Pioneer St & Van Brunt St,40.679043,-74.011169,19,6,0
327,393,E 5 St & Avenue C,40.72299208,-73.97995466,31,0,1
328,3368,5 Ave & 3 St,40.6728155,-73.98352355,30,9,1
329,3394,Columbia St & W 9 St,40.6769993,-74.00647134,21,16,2
330,150,E 2 St & Avenue C,40.7208736,-73.98085795,31,0,1
331,3232,Bond St & Fulton St,40.68962189,-73.98304269,31,13,2
332,3145,E 84 St & Park Ave,40.77862688,-73.95772073,45,5,0
333,3310,14 St & 7 Ave,40.663779,-73.98396846,24,0,0
334,3088,Union Ave & Jackson St,40.7160751,-73.952029,19,1,0
335,3139,E 72 St & Park Ave,40.77118288,-73.96409422,43,5,0
336,3083,Bushwick Ave & Powers St,40.71247661,-73.94100005,30,1,0
337,270,Adelphi St & Myrtle Ave,40.69308257,-73.97178913,23,4,0
338,462,W 22 St & 10 Ave,40.74691959,-74.00451887,47,2,2
339,388,W 26 St & 10 Ave,40.74971775,-74.00295035,35,26,3
340,3137,5 Ave & E 73 St,40.77282817,-73.96685276,31,13,0
341,3140,1 Ave & E 78 St,40.77140426,-73.9535166,55,15,1
342,128,MacDougal St & Prince St,40.72710258,-74.00297088,30,25,4
343,320,Leonard St & Church St,40.717571,-74.005549,39,13,0
344,3387,E 106 St & Madison Ave,40.7934337,-73.94945003,25,21,0
345,276,Duane St & Greenwich St,40.71748752,-74.0104554,25,18,1
346,152,Warren St & Church St,40.71473993,-74.00910627,29,7,1
347,2023,E 55 St & Lexington Ave,40.75968085,-73.97031366,36,21,1
348,217,Old Fulton St,40.70277159,-73.99383605,39,20,2
349,119,Park Ave & St Edwards St,40.69608941,-73.97803415,19,7,0
350,241,DeKalb Ave & S Portland Ave,40.68981035,-73.97493121,23,4,1
351,3109,Banker St & Meserole Ave,40.72606,-73.95621,31,0,1
352,3345,Madison Ave & E 99 St,40.78948542,-73.95242929,35,32,1
353,293,Lafayette St & E 8 St,40.73020661,-73.99102628,55,28,1
354,259,South St & Whitehall St,40.70122128,-74.01234218,39,10,3
355,120,Lexington Ave & Classon Ave,40.68676793,-73.95928168,19,1,0
356,3423,West Drive & Prospect Park West,40.66106337,-73.97945255,29,11,1
357,3403,4 Ave & 9 St,40.6705135,-73.98876585,31,18,1
358,3255,8 Ave & W 31 St,40.75058535,-73.99468482,19,8,1
359,3391,E 106 St & 1 Ave,40.7892529,-73.93956237,25,21,0
360,2012,E 27 St & 1 Ave,40.739445,-73.976806,36,21,1
361,216,Columbia Heights & Cranberry St,40.70037867,-73.99548059,23,11,0
362,343,Clinton Ave & Flushing Ave,40.69794,-73.96986848,23,18,0
363,3118,McGuinness Blvd & Eagle St,40.73555,-73.95284,30,1,1
364,257,Lispenard St & Broadway,40.71939226,-74.00247214,39,32,1
365,3166,Riverside Dr & W 72 St,40.78057799,-73.98562431,41,2,0
366,332,Cherry St,40.71219906,-73.97948148,24,3,0
367,436,Hancock St & Bedford Ave,40.68216564,-73.95399026,27,2,1
368,311,Norfolk St & Broome St,40.7172274,-73.98802084,31,8,1
369,3348,Coffey St & Conover St,40.677236,-74.015665,19,11,2
370,251,Mott St & Prince St,40.72317958,-73.99480012,27,11,0
371,3177,W 84 St & Broadway,40.7867947,-73.977112,63,56,0
372,3179,Park Ave & Marcus Garvey Blvd,40.698617,-73.941342,23,5,1
373,3125,45 Rd & 11 St,40.74708586,-73.94977234,23,21,0
374,3164,Columbus Ave & W 72 St,40.7770575,-73.97898475,67,4,3
375,164,E 47 St & 2 Ave,40.75323098,-73.97032517,47,16,0
376,3064,Myrtle Ave & Lewis Ave,40.69681963,-73.93756926,23,5,0
377,534,Water - Whitehall Plaza,40.70255065,-74.0127234,31,20,1
378,327,Vesey Pl & River Terrace,40.7153379,-74.01658354,39,6,2
379,297,E 15 St & 3 Ave,40.734232,-73.986923,27,6,0
380,3282,5 Ave & E 88 St,40.78307,-73.95939,38,5,0
381,412,Forsyth St & Canal St,40.7158155,-73.99422366,29,3,1
382,282,Kent Ave & S 11 St,40.70764494,-73.96841526,27,11,1
383,232,Cadman Plaza E & Tillary St,40.69597683,-73.99014892,23,7,1
384,3178,Riverside Dr & W 78 St,40.78414472,-73.98362492,39,2,1
385,3361,Carroll St & 6 Ave,40.6740886,-73.9787282,23,1,0
386,317,E 6 St & Avenue B,40.72453734,-73.98185424,27,1,3
387,3411,Bond St & Bergen St,40.6849668,-73.98620772,27,12,0
388,174,E 25 St & 1 Ave,40.7381765,-73.97738662,30,0,0
389,446,W 24 St & 7 Ave,40.74487634,-73.99529885,39,4,0
390,441,E 52 St & 2 Ave,40.756014,-73.967416,35,4,1
391,326,E 11 St & 1 Ave,40.72953837,-73.98426726,27,2,1
392,369,Washington Pl & 6 Ave,40.73224119,-74.00026394,35,1,0
393,3422,Columbia St & Degraw St,40.6859296,-74.00242364,21,5,1
394,3329,Degraw St & Smith St,40.6829151,-73.99318208,27,0,0
395,3436,Greenwich St & Hubert St,40.721319,-74.010065,31,0,0
396,330,Reade St & Broadway,40.71450451,-74.00562789,39,22,0
397,495,W 47 St & 10 Ave,40.76269882,-73.99301222,25,2,0
398,3637,Fulton St & Waverly Ave,40.68323865,-73.96599591,31,3,0
399,3076,Scholes St & Manhattan Ave,40.70870368,-73.9448625,24,6,0
400,3068,Humboldt St & Varet St,40.7031724,-73.940636,24,4,0
401,3401,2 Ave & 9 St,40.6724811,-73.99331394,19,7,1
402,3171,Amsterdam Ave & W 82 St,40.78524672,-73.97667321,39,1,0
403,461,E 20 St & 2 Ave,40.73587678,-73.98205027,39,0,0
404,3070,McKibbin St & Manhattan Ave,40.70510918,-73.94407279,23,2,0
405,453,W 22 St & 8 Ave,40.74475148,-73.99915362,39,1,1
406,3063,Nostrand Ave & Myrtle Ave,40.69527008,-73.95238108,20,3,0
407,3119,Vernon Blvd & 50 Ave,40.74232744,-73.95411749,45,26,0
408,400,Pitt St & Stanton St,40.71926081,-73.98178024,15,0,0
409,3129,Queens Plaza North & Crescent St,40.75110165,-73.94073717,31,10,0
410,3417,Baltic St & 5 Ave,40.6795766,-73.97854971,27,4,0
411,516,E 47 St & 1 Ave,40.75206862,-73.96784384,31,6,2
412,173,Broadway & W 49 St,40.76068327,-73.98452729,51,35,1
413,3054,Greene Ave & Throop Ave,40.6894932,-73.942061,19,3,1
414,3330,Henry St & Bay St,40.6725058,-74.00494695,19,11,0
415,3404,7 St & 5 Ave,40.6704922,-73.98541675,27,4,0
416,473,Rivington St & Chrystie St,40.72110063,-73.9919254,38,4,2
417,3158,W 63 St & Broadway,40.77163851,-73.98261428,31,2,1
418,418,Front St & Gold St,40.70224,-73.982578,23,10,1
419,3435,Grand St & Elizabeth St,40.718822,-73.99596,45,12,1
420,3053,Marcy Ave & Lafayette Ave,40.6900815,-73.947915,23,2,0
421,380,W 4 St & 7 Ave S,40.73401143,-74.00293877,39,4,0
422,360,William St & Pine St,40.70717936,-74.00887308,39,6,1
423,3123,31 St & Thomson Ave,40.74469738,-73.93540375,27,7,0
424,359,E 47 St & Park Ave,40.75510267,-73.97498696,55,34,0
425,161,LaGuardia Pl & W 3 St,40.72917025,-73.99810231,35,34,0
426,3141,1 Ave & E 68 St,40.76500525,-73.95818491,59,42,1
427,388,W 26 St & 10 Ave,40.74971775,-74.00295035,35,26,3
428,523,W 38 St & 8 Ave,40.75466591,-73.99138152,51,18,1
429,151,Cleveland Pl & Spring St,40.72210379,-73.99724901,33,9,0
430,454,E 51 St & 1 Ave,40.75455731,-73.96592976,35,4,0
431,3288,E 88 St & 1 Ave,40.778301,-73.9488134,39,20,0
432,83,Atlantic Ave & Fort Greene Pl,40.68382604,-73.97632328,62,25,3
433,372,Franklin Ave & Myrtle Ave,40.69454609,-73.95801365,27,5,0
434,3260,Mercer St & Bleecker St,40.72706363,-73.99662137,31,15,1
435,3409,Bergen St & Smith St,40.6867443,-73.99063168,35,35,0
436,3427,Lafayette St & Jersey St,40.72430527,-73.99600983,40,32,0
437,3135,E 75 St & 3 Ave,40.77112927,-73.95772297,41,24,1
438,3303,Butler St & Court St,40.6849894,-73.99440329,25,12,0
439,3046,Marcus Garvey Blvd & Macon St,40.682601,-73.938037,19,8,0
440,339,Avenue D & E 12 St,40.72580614,-73.97422494,24,10,1
441,3131,E 68 St & 3 Ave,40.7671284,-73.96224618,31,3,0
442,537,Lexington Ave & E 24 St,40.74025878,-73.98409214,39,21,0
443,261,Johnson St & Gold St,40.69474881,-73.98362464,27,8,0
444,3347,Van Brunt St & Wolcott St,40.6773429,-74.01275056,21,11,0
445,3050,Putnam Ave & Throop Ave,40.6851532,-73.94111,21,4,0
446,3322,12 St & 4 Ave,40.668603,-73.9904394,17,9,0
447,3399,7 St & 3 Ave,40.67260298,-73.98983002,24,15,1
448,353,S Portland Ave & Hanson Pl,40.68539567,-73.97431458,27,15,0
449,485,W 37 St & 5 Ave,40.75038009,-73.98338988,39,19,0
450,3126,44 Dr & Jackson Ave,40.74718234,-73.9432635,34,29,2
451,408,Market St & Cherry St,40.71076228,-73.99400398,23,1,0
452,244,Willoughby Ave & Hall St,40.69196035,-73.96536851,31,2,0
453,3376,E 65 St & 2 Ave,40.76471852,-73.9622207,39,2,0
454,546,E 30 St & Park Ave S,40.74444921,-73.98303529,38,16,2
455,3242,Schermerhorn St & Court St,40.69102926,-73.99183363,39,15,0
456,3163,Central Park West & W 68 St,40.7734066,-73.97782542,43,26,0
457,341,Stanton St & Mangin St,40.71782143,-73.97628939,19,6,1
458,3066,Tompkins Ave & Hopkins St,40.69957608,-73.94708417,19,11,0
459,3384,Smith St & 3 St,40.6787242,-73.99599099,25,0,1
460,274,Lafayette Ave & Fort Greene Pl,40.68691865,-73.976682,31,12,2
461,144,Nassau St & Navy St,40.69839895,-73.98068914,19,5,1
462,238,Bank St & Washington St,40.7361967,-74.00859207,31,3,1
463,345,W 13 St & 6 Ave,40.73649403,-73.99704374,35,12,3
464,3061,Throop Ave & Myrtle Ave,40.69622937,-73.94371094,21,1,0
465,3412,Pacific St & Nevins St,40.6853761,-73.98302136,18,1,1
466,3476,Norman Ave & Leonard St,40.72576997,-73.9507395,3,0,3
467,3116,Huron St & Franklin St,40.73266,-73.95826,45,4,0
468,376,John St & William St,40.70862144,-74.00722156,43,9,1
469,458,11 Ave & W 27 St,40.751396,-74.005226,31,28,1
470,3374,Central Park North & Adam Clayton Powell Blvd,40.799484,-73.955613,36,16,0
471,3302,Columbus Ave & W 103 St,40.7969347,-73.96434123,22,6,1
472,3075,Division Ave & Marcy Ave,40.70708701,-73.95796783,33,10,0
473,3290,E 89 St & York Ave,40.7779453,-73.946041,35,22,0
474,264,Maiden Ln & Pearl St,40.70706456,-74.00731853,27,19,0
475,3132,E 59 St & Madison Ave,40.76350532,-73.97109243,35,33,2
476,3117,Franklin St & Dupont St,40.73564,-73.95866,27,1,0
477,481,S 3 St & Bedford Ave,40.71260486,-73.96264403,25,1,1
478,278,Concord St & Bridge St,40.69766564,-73.98476437,19,9,0
479,3416,7 Ave & Park Pl,40.6776147,-73.97324283,0,0,0
480,3243,E 58 St & 1 Ave,40.75892386,-73.96226227,29,1,1
481,470,W 20 St & 8 Ave,40.74345335,-74.00004031,37,3,0
482,3238,E 80 St & 2 Ave,40.7739139,-73.95439535,37,1,0
483,411,E 6 St & Avenue D,40.72228087,-73.97668709,23,0,1
484,267,Broadway & W 36 St,40.75097711,-73.98765428,57,4,0
485,242,Carlton Ave & Flushing Ave,40.697787,-73.973736,23,22,1
486,3375,3 Ave & E 72 St,40.7699426,-73.96060712,35,10,0
487,324,DeKalb Ave & Hudson Ave,40.689888,-73.981013,51,31,1
488,3047,Halsey St & Tompkins Ave,40.6823687,-73.944118,21,0,0
489,79,Franklin St & W Broadway,40.71911552,-74.00666661,33,30,3
490,3418,Plaza St West & Flatbush Ave,40.6750207,-73.97111473,33,30,0
491,417,Barclay St & Church St,40.71291224,-74.01020234,23,13,1
492,3327,3 Ave & E 100 St,40.7877214,-73.94728331,27,14,0
493,3341,Central Park West & W 102 St,40.795346,-73.96186,41,7,1
494,407,Henry St & Poplar St,40.700469,-73.991454,37,3,0
495,389,Broadway & Berry St,40.71044554,-73.96525063,27,2,0
496,373,Willoughby Ave & Walworth St,40.69331716,-73.95381995,19,4,0
497,248,Laight St & Hudson St,40.72185379,-74.00771779,23,13,2
498,328,Watts St & Greenwich St,40.72405549,-74.00965965,23,7,1
499,3351,E 102 St & 1 Ave,40.7869946,-73.94164802,25,2,0
500,536,1 Ave & E 30 St,40.74144387,-73.97536082,29,18,3
501,391,Clark St & Henry St,40.69760127,-73.99344559,31,0,0
502,3165,Central Park West & W 72 St,40.77579377,-73.97620574,51,24,3
503,501,FDR Drive & E 35 St,40.744219,-73.97121214,43,4,0
504,258,DeKalb Ave & Vanderbilt Ave,40.68940747,-73.96885458,23,4,0
505,520,W 52 St & 5 Ave,40.75992262,-73.97648516,39,34,0
506,3324,3 Ave & 14 St,40.6685455,-73.99333264,25,3,0
507,2010,Grand St & Greene St,40.72165481,-74.00234737,39,18,0
508,522,E 51 St & Lexington Ave,40.75714758,-73.97207836,51,45,1
509,3378,E 76 St & Park Ave,40.773763,-73.96222088,28,17,0
510,3396,Clinton St & 4 Place,40.6783563,-74.00014502,25,0,0
511,3259,9 Ave & W 28 St,40.74937024,-73.99923384,27,2,2
512,265,Stanton St & Chrystie St,40.72229346,-73.99147535,35,2,3
513,3059,Pulaski St & Marcus Garvey Blvd,40.6933982,-73.939877,19,1,0
514,3463,E 16 St & Irving Pl,40.73536706,-73.98797393,37,6,0
515,168,W 18 St & 6 Ave,40.73971301,-73.99456405,47,31,1
516,3386,1 Pl & Clinton St,40.6809591,-73.99905709,27,1,0
517,3289,W 90 St & Amsterdam Ave,40.79017948,-73.97288919,32,1,1
518,361,Allen St & Hester St,40.71605866,-73.99190759,43,5,0
519,519,Pershing Square North,40.751873,-73.977706,61,17,1
520,212,W 16 St & The High Line,40.74334935,-74.00681753,28,14,0
521,3144,E 81 St & Park Ave,40.77677702,-73.9590097,46,4,0
522,167,E 39 St & 3 Ave,40.7489006,-73.97604882,45,16,3
523,387,Centre St & Chambers St,40.71273266,-74.0046073,39,22,0
524,3360,Amsterdam Ave & W 79 St,40.7829391,-73.9786517,25,1,0
525,315,South St & Gouverneur Ln,40.70355377,-74.00670227,9,6,1
526,383,Greenwich Ave & Charles St,40.735238,-74.000271,39,6,0
527,456,E 53 St & Madison Ave,40.7597108,-73.97402311,35,33,0
528,524,W 43 St & 6 Ave,40.75527307,-73.98316936,55,34,2
529,518,E 39 St & 2 Ave,40.74780373,-73.9734419,39,3,0
530,3307,West End Ave & W 94 St,40.7941654,-73.974124,31,2,0
531,323,Lawrence St & Willoughby St,40.69236178,-73.98631746,39,37,1
532,3124,46 Ave & 5 St,40.74731,-73.95451,27,22,0
533,3134,3 Ave & E 62 St,40.76312584,-73.96526895,51,4,0
534,363,West Thames St,40.70834698,-74.01713445,49,1,1
535,3392,Commerce St & Van Brunt St,40.6812117,-74.00860912,19,9,1
536,284,Greenwich Ave & 8 Ave,40.73901691,-74.00263761,43,11,1
537,268,Howard St & Centre St,40.71910537,-73.99973337,27,17,0
538,471,Grand St & Havemeyer St,40.71286844,-73.95698119,31,4,0
539,3073,Division Ave & Hooper St,40.70691254,-73.95441667,27,8,0
540,312,Allen St & Stanton St,40.722055,-73.989111,31,0,0
541,3349,Grand Army Plaza & Plaza St West,40.6729679,-73.97087984,30,19,0
542,3388,President St & Henry St,40.6828003,-73.99990419,25,3,0
543,399,Lafayette Ave & St James Pl,40.68851534,-73.9647628,27,15,1
544,3355,E 66 St & Madison Ave,40.76800889,-73.96845281,25,7,0
545,284,Greenwich Ave & 8 Ave,40.73901691,-74.00263761,43,11,1
546,3095,Graham Ave & Herbert St,40.71929301,-73.94500379,23,0,0
547,3081,Graham Ave & Grand St,40.711863,-73.944024,23,2,0
548,3105,N 15 St & Wythe Ave,40.724055,-73.955736,24,3,1
549,127,Barrow St & Hudson St,40.73172428,-74.00674436,31,3,3
550,3052,Lewis Ave & Madison St,40.686312,-73.935775,23,0,0
551,430,York St & Jay St,40.7014851,-73.98656928,27,11,0
552,3398,Smith St & 9 St,40.6746957,-73.99785768,23,0,0
553,3071,Boerum St & Broadway,40.70538077,-73.94976519,19,3,0
554,3414,Bergen St & Flatbush Ave,40.68094472,-73.97567332,33,6,1
555,487,E 20 St & FDR Drive,40.73314259,-73.97573881,36,2,1
556,2001,Sands St & Navy St,40.699773,-73.979927,15,12,1
557,2002,Wythe Ave & Metropolitan Ave,40.716887,-73.963198,27,12,1
558,527,E 33 St & 2 Ave,40.744023,-73.976056,59,7,0
559,379,W 31 St & 7 Ave,40.749156,-73.9916,42,6,2
560,3377,Carroll St & Bond St,40.6786115,-73.99037292,25,12,0
561,3235,E 41 St & Madison Ave,40.75216528,-73.97992194,31,8,0
562,3147,E 85 St & 3 Ave,40.77801203,-73.95407149,39,4,0
563,423,W 54 St & 9 Ave,40.76584941,-73.98690506,26,1,1
564,3312,1 Ave & E 94 St,40.7817212,-73.94594,39,13,0
565,3236,W 42 St & Dyer Ave,40.75898481,-73.99379969,33,4,0
566,3260,Mercer St & Bleecker St,40.72706363,-73.99662137,31,15,1
567,72,W 52 St & 11 Ave,40.76727216,-73.99392888,39,5,0
568,280,E 10 St & 5 Ave,40.73331967,-73.99510132,31,8,0
569,304,Broadway & Battery Pl,40.70463334,-74.01361706,33,3,0
570,3091,Frost St & Meeker St,40.71764,-73.94882,31,2,0
571,3148,E 84 St & 1 Ave,40.77565541,-73.95068615,27,7,1
572,497,E 17 St & Broadway,40.73704984,-73.99009296,59,35,0
573,3056,Kosciuszko St & Nostrand Ave,40.69072549,-73.95133465,23,2,1
574,3049,Cambridge Pl & Gates Ave,40.68488,-73.96304,18,0,0
575,482,W 15 St & 7 Ave,40.73935542,-73.99931783,39,20,0
576,335,Washington Pl & Broadway,40.72903917,-73.99404649,27,27,0
577,249,Harrison St & Hudson St,40.71870987,-74.0090009,27,17,1
578,377,6 Ave & Canal St,40.72243797,-74.00566443,45,41,0
579,3379,E 103 St & Lexington Ave,40.7903051,-73.94755757,35,35,0
580,3331,Riverside Dr & W 104 St,40.8013434,-73.97114574,39,13,0
581,3333,Columbia St & Lorraine St,40.6747055,-74.0075572,21,5,2
582,3087,Metropolitan Ave & Meeker Ave,40.71413311,-73.95234386,30,2,0
583,3295,Central Park W & W 96 St,40.79127,-73.964839,59,5,1
584,528,2 Ave & E 31 St,40.74290902,-73.97706058,39,1,1
585,474,5 Ave & E 29 St,40.7451677,-73.98683077,47,41,1
586,479,9 Ave & W 45 St,40.76019252,-73.9912551,31,12,2
587,3041,Kingston Ave & Herkimer St,40.67890679,-73.94142771,24,1,0
588,252,MacDougal St & Washington Sq,40.73226398,-73.99852205,30,7,0
589,490,8 Ave & W 33 St,40.751551,-73.993934,59,2,5
590,2003,1 Ave & E 18 St,40.73381219,-73.98054421,39,1,1
591,3048,Putnam Ave & Nostrand Ave,40.68402,-73.94977,19,0,0
592,3434,W 88 St & West End Ave,40.79025417,-73.9771834,35,4,0
